-- phpMyAdmin SQL Dump
-- version 4.8.5
-- https://www.phpmyadmin.net/
--
-- Host: localhost:3306
-- Generation Time: Jul 29, 2019 at 05:27 AM
-- Server version: 10.1.40-MariaDB
-- PHP Version: 7.2.7

SET SQL_MODE = "NO_AUTO_VALUE_ON_ZERO";
SET AUTOCOMMIT = 0;
START TRANSACTION;
SET time_zone = "+00:00";


/*!40101 SET @OLD_CHARACTER_SET_CLIENT=@@CHARACTER_SET_CLIENT */;
/*!40101 SET @OLD_CHARACTER_SET_RESULTS=@@CHARACTER_SET_RESULTS */;
/*!40101 SET @OLD_COLLATION_CONNECTION=@@COLLATION_CONNECTION */;
/*!40101 SET NAMES utf8mb4 */;

--
-- Database: `tony_klepper`
--

-- --------------------------------------------------------

--
-- Table structure for table `migrations`
--

CREATE TABLE `migrations` (
  `id` int(10) UNSIGNED NOT NULL,
  `migration` varchar(191) COLLATE utf8mb4_unicode_ci NOT NULL,
  `batch` int(11) NOT NULL
) ENGINE=MyISAM DEFAULT CHARSET=utf8mb4 COLLATE=utf8mb4_unicode_ci;

--
-- Dumping data for table `migrations`
--

INSERT INTO `migrations` (`id`, `migration`, `batch`) VALUES
(1, '2014_10_12_000000_create_users_table', 1),
(2, '2014_10_12_100000_create_password_resets_table', 1),
(3, '2019_07_28_100214_create_units_table', 1);

-- --------------------------------------------------------

--
-- Table structure for table `password_resets`
--

CREATE TABLE `password_resets` (
  `email` varchar(191) COLLATE utf8mb4_unicode_ci NOT NULL,
  `token` varchar(191) COLLATE utf8mb4_unicode_ci NOT NULL,
  `created_at` timestamp NULL DEFAULT NULL
) ENGINE=MyISAM DEFAULT CHARSET=utf8mb4 COLLATE=utf8mb4_unicode_ci;

-- --------------------------------------------------------

--
-- Table structure for table `units`
--

CREATE TABLE `units` (
  `id` int(10) UNSIGNED NOT NULL,
  `building_number` int(11) NOT NULL,
  `floor_number` int(11) NOT NULL,
  `room_number` int(11) NOT NULL,
  `created_at` timestamp NULL DEFAULT NULL,
  `updated_at` timestamp NULL DEFAULT NULL
) ENGINE=MyISAM DEFAULT CHARSET=utf8mb4 COLLATE=utf8mb4_unicode_ci;

--
-- Dumping data for table `units`
--

INSERT INTO `units` (`id`, `building_number`, `floor_number`, `room_number`, `created_at`, `updated_at`) VALUES
(1, 1, 1, 101, '2019-07-28 15:21:54', '2019-07-28 15:21:54'),
(2, 1, 1, 102, '2019-07-28 15:21:54', '2019-07-28 15:21:54'),
(3, 1, 1, 103, '2019-07-28 15:21:54', '2019-07-28 15:21:54'),
(4, 1, 1, 104, '2019-07-28 15:21:54', '2019-07-28 15:21:54'),
(5, 1, 2, 201, '2019-07-28 15:21:54', '2019-07-28 15:21:54'),
(6, 1, 2, 202, '2019-07-28 15:21:54', '2019-07-28 15:21:54'),
(7, 1, 2, 203, '2019-07-28 15:21:54', '2019-07-28 15:21:54'),
(8, 1, 2, 204, '2019-07-28 15:21:54', '2019-07-28 15:21:54'),
(9, 1, 3, 301, '2019-07-28 15:21:54', '2019-07-28 15:21:54'),
(10, 1, 3, 302, '2019-07-28 15:21:54', '2019-07-28 15:21:54'),
(11, 1, 3, 303, '2019-07-28 15:21:54', '2019-07-28 15:21:54'),
(12, 1, 3, 304, '2019-07-28 15:21:54', '2019-07-28 15:21:54'),
(13, 1, 4, 401, '2019-07-28 15:21:54', '2019-07-28 15:21:54'),
(14, 1, 4, 402, '2019-07-28 15:21:54', '2019-07-28 15:21:54'),
(15, 1, 4, 403, '2019-07-28 15:21:54', '2019-07-28 15:21:54'),
(16, 1, 4, 404, '2019-07-28 15:21:54', '2019-07-28 15:21:54'),
(17, 2, 1, 101, '2019-07-28 15:21:54', '2019-07-28 15:21:54'),
(18, 2, 1, 102, '2019-07-28 15:21:54', '2019-07-28 15:21:54'),
(19, 2, 1, 103, '2019-07-28 15:21:54', '2019-07-28 15:21:54'),
(20, 2, 1, 104, '2019-07-28 15:21:54', '2019-07-28 15:21:54'),
(21, 2, 2, 201, '2019-07-28 15:21:54', '2019-07-28 15:21:54'),
(22, 2, 2, 202, '2019-07-28 15:21:54', '2019-07-28 15:21:54'),
(23, 2, 2, 203, '2019-07-28 15:21:55', '2019-07-28 15:21:55'),
(24, 2, 2, 204, '2019-07-28 15:21:55', '2019-07-28 15:21:55'),
(25, 2, 3, 301, '2019-07-28 15:21:55', '2019-07-28 15:21:55'),
(26, 2, 3, 302, '2019-07-28 15:21:55', '2019-07-28 15:21:55'),
(27, 2, 3, 303, '2019-07-28 15:21:55', '2019-07-28 15:21:55'),
(28, 2, 3, 304, '2019-07-28 15:21:55', '2019-07-28 15:21:55'),
(29, 2, 4, 401, '2019-07-28 15:21:55', '2019-07-28 15:21:55'),
(30, 2, 4, 402, '2019-07-28 15:21:55', '2019-07-28 15:21:55'),
(31, 2, 4, 403, '2019-07-28 15:21:55', '2019-07-28 15:21:55'),
(32, 2, 4, 404, '2019-07-28 15:21:55', '2019-07-28 15:21:55');

-- --------------------------------------------------------

--
-- Table structure for table `users`
--

CREATE TABLE `users` (
  `id` int(10) UNSIGNED NOT NULL,
  `name` varchar(191) COLLATE utf8mb4_unicode_ci NOT NULL,
  `email` varchar(191) COLLATE utf8mb4_unicode_ci NOT NULL,
  `password` varchar(191) COLLATE utf8mb4_unicode_ci NOT NULL,
  `street` varchar(191) COLLATE utf8mb4_unicode_ci NOT NULL,
  `city` varchar(191) COLLATE utf8mb4_unicode_ci NOT NULL,
  `state` varchar(191) COLLATE utf8mb4_unicode_ci NOT NULL,
  `zip` varchar(191) COLLATE utf8mb4_unicode_ci NOT NULL,
  `phone` varchar(191) COLLATE utf8mb4_unicode_ci NOT NULL,
  `dob` varchar(191) COLLATE utf8mb4_unicode_ci NOT NULL,
  `student_id` varchar(191) COLLATE utf8mb4_unicode_ci NOT NULL,
  `unit_id` varchar(191) COLLATE utf8mb4_unicode_ci NOT NULL,
  `gender` varchar(191) COLLATE utf8mb4_unicode_ci NOT NULL,
  `remember_token` varchar(100) COLLATE utf8mb4_unicode_ci DEFAULT NULL,
  `created_at` timestamp NULL DEFAULT NULL,
  `updated_at` timestamp NULL DEFAULT NULL
) ENGINE=MyISAM DEFAULT CHARSET=utf8mb4 COLLATE=utf8mb4_unicode_ci;

--
-- Dumping data for table `users`
--

INSERT INTO `users` (`id`, `name`, `email`, `password`, `street`, `city`, `state`, `zip`, `phone`, `dob`, `student_id`, `unit_id`, `gender`, `remember_token`, `created_at`, `updated_at`) VALUES
(1, 'Dr. Nathaniel Blanda', 'jakubowski.phyllis@example.net', '$2y$10$sWoxuWbR1DavdK.nRQiIDuGAvZcUAsz9cMZJh1xEe3lZYIxB2XWRa', '746 Leta Curve', 'Kristianside', 'OR', '70711', '(323) 313-7502 x353', '1997-12-13', '62059397', '16', 'Male', NULL, '2019-07-29 00:10:25', '2019-07-29 00:10:25'),
(2, 'Garnet Balistreri II', 'carter.jacynthe@example.net', '$2y$04$V9d2HjDtyS8pBg4iZ5WKqeVLQPFRRAyMfx.3egpPmBzgDRkX..Jim', '460 Osinski Well', 'New Aubrey', 'ND', '62090-3968', '+1-762-648-6265', '1993-03-19', '8305726', '15', 'Female', NULL, '2019-07-29 00:13:26', '2019-07-29 00:13:26'),
(3, 'Lauryn Senger', 'delbert28@example.org', '$2y$04$h3xLSqJBGc.WY921Imzl9u486cuBuFNozr9dALmfG9TeiVtX1rGzC', '7780 Melany Streets', 'Feliciabury', 'WI', '68040-9587', '263.347.6303 x357', '1999-05-07', '13235327', '16', 'Male', NULL, '2019-07-29 00:14:37', '2019-07-29 00:14:37'),
(4, 'Ottilie McClure', 'zieme.lou@example.net', '$2y$04$bVfD0.i4BREvIOh4i4HZpekgtR7p9f.uXEl7dPhBAi/F4wstWq3ua', '416 Kelvin Trail Suite 594', 'North Dudley', 'NC', '63806-2626', '+1.694.277.0953', '1992-01-21', '86761029', '15', 'Female', NULL, '2019-07-29 00:17:01', '2019-07-29 00:17:01'),
(5, 'Yadira Collins', 'coleman15@example.com', '$2y$04$3tDrEn.DyhCdBUI15xk8AefyKcdUGZaqxewXJQvmHkNSCcjjAVl/.', '2458 Gibson Springs Suite 682', 'Lake Fanny', 'AZ', '64679', '(517) 406-7675 x577', '1995-04-20', '57623319', '16', 'Male', NULL, '2019-07-29 00:17:18', '2019-07-29 00:17:18'),
(6, 'Stanford Schulist', 'zulauf.kirsten@example.net', '$2y$04$dae6k3fg949vbeXA980rmeGJf7qjyuyeo0RFgUp/mCm3vG.19qFfm', '43076 Vickie Cliff', 'Bettytown', 'OH', '48269', '929.959.7058 x83255', '1994-03-26', '73931709', '15', 'Female', NULL, '2019-07-29 00:18:48', '2019-07-29 00:18:48'),
(7, 'Dr. Torrance Spinka V', 'cschaefer@example.com', '$2y$04$U7jeVmsbl6EPsvTi1j3UyuOrgAScyjmcC06yRzgKlU7y7llna2qFa', '623 Bashirian Loaf Suite 785', 'Katlynton', 'VA', '64975', '841-656-6628 x6382', '1999-07-21', '4308596', '15', 'Female', NULL, '2019-07-29 00:23:07', '2019-07-29 00:23:07'),
(8, 'Austen Nikolaus', 'christopher.monahan@example.org', '$2y$04$TBDQ1QWN/Qga83fJRsgl0.zdHQwqOlVVwcolRm.He4MuFDi6zOULO', '9366 Shields Run', 'New Cathrineton', 'MO', '09098-9361', '1-207-399-6848 x181', '2001-04-13', '34580724', '16', 'Male', NULL, '2019-07-29 00:24:10', '2019-07-29 00:24:10'),
(9, 'Beryl Waelchi', 'hertha.beer@example.com', '$2y$04$Yoi3WQew5jaM4O3dbaI8yusqAti0KUKqTBzoP54pTJTPbZxnRLJcm', '97583 Pacocha Locks', 'New Helen', 'MI', '93088-6886', '(803) 807-8219 x014', '1993-02-02', '19271092', '16', 'Male', NULL, '2019-07-29 00:24:11', '2019-07-29 00:24:11'),
(10, 'Brenda Hettinger', 'kuphal.jeromy@example.com', '$2y$04$hdoYRmLh9IJCE/s2O/DY3Oi8rwvSw0m0pFfhNE23pM6ntdcxacGYS', '5664 Larson Island Suite 979', 'Crooksview', 'VT', '95256-2208', '(247) 519-1128 x432', '1997-03-02', '60124751', '15', 'Female', NULL, '2019-07-29 00:24:12', '2019-07-29 00:24:12'),
(11, 'Dahlia Emmerich', 'tremblay.abner@example.org', '$2y$04$Nv8mofQixhEVvp5O6JCWEOMWXIzcW/rYxuVAj.G7BOStZ95ge4K5e', '395 Kailee Skyway Suite 562', 'Fanniefurt', 'IL', '48442', '1-353-496-2779 x682', '1996-12-07', '19086789', '16', 'Male', NULL, '2019-07-29 00:24:13', '2019-07-29 00:24:13'),
(12, 'Rogelio Becker', 'wbuckridge@example.com', '$2y$04$KRzuJzCtxHjKmd2ZZtK5KuN0uqtw5ExnrGLqBP.VQvDdg05pJ2uJq', '867 Grimes Harbors Apt. 181', 'Shieldsberg', 'PA', '49674-8722', '+18353025106', '1994-01-02', '3051502', '15', 'Female', NULL, '2019-07-29 00:24:13', '2019-07-29 00:24:13'),
(13, 'Ken Zboncak', 'adams.kasey@example.net', '$2y$04$AKndYzb4ZzCuiDBTa3KkRu151Bf1nmOiulWC8mWkzx0zNbHzxx0kK', '64174 Satterfield Skyway Suite 005', 'East Braxton', 'CO', '36565', '(921) 669-8220', '1993-02-11', '26782751', '16', 'Male', NULL, '2019-07-29 00:24:14', '2019-07-29 00:24:14'),
(14, 'Mrs. Ottilie Hand', 'pfannerstill.wilson@example.net', '$2y$04$aMR7KpsG6gsjIuYnBu3H3eywt4t1MrKb1s900V97d6zHuve16QIC2', '6472 Koch Mount Apt. 042', 'Alisaside', 'ND', '08434', '(703) 462-1228 x7734', '1998-09-05', '36538145', '32', 'Male', NULL, '2019-07-29 00:24:54', '2019-07-29 00:24:54'),
(15, 'Marley Cole', 'cristina29@example.net', '$2y$04$jqzmnwPigwYszdI21zLLJOQA8sOiUsNyMu4tr4O2j9Cb8X1QX7Qrm', '38135 Tara Rest', 'Bednarport', 'HI', '24876', '585-460-2346 x72162', '1993-03-16', '75968996', '15', 'Female', NULL, '2019-07-29 00:26:05', '2019-07-29 00:26:05'),
(16, 'Prof. Charley Keebler V', 'zachary.thiel@example.com', '$2y$04$PhwVsT8pSjwPKwceCZ.AmO6t8pozkXaxbyGNLWGm7cxRitY9hlRf2', '102 Dayton Forges', 'Huelland', 'WY', '28959-9103', '+17287426611', '1992-01-09', '17321645', '32', 'Male', NULL, '2019-07-29 00:26:07', '2019-07-29 00:26:07'),
(17, 'Gia Greenholt', 'werner39@example.org', '$2y$04$bPhsPVwz9DtHScEKyMRcIOSQoyWFUcA7t6nePVC4V8e/U/eHljwIi', '76036 Kiehn Estates Apt. 861', 'Port Nina', 'NM', '27367-8203', '323-229-3354', '1991-10-27', '164447', '31', 'Female', NULL, '2019-07-29 00:26:07', '2019-07-29 00:26:07'),
(18, 'Anthony Klepper', 'tony@klepper.us', '$2y$10$xT35I65iJxW2Lx2Zjc.6pO/ZBDDuNPr30BGh43gMQXoyF8dVa6e3W', '745 Fire Tower Rd', 'Elizabeth City', 'NC', '27909', '2523394033', '1978-05-07', '12345678', '16', 'Male', NULL, '2019-07-29 01:45:15', '2019-07-29 01:45:15'),
(19, 'Roger Pettay', 'rogerpettay@gmail.com', '$2y$10$ODL2TQq0oygzjVsGHWQuyOAiGZHRbAoB2ItsRVjMxpejdOgngQUXq', '109G Gainsborough Square #173', 'Chesapeake', 'VA', '23320', '7576723200', '2000-08-10', '1234567', '32', 'Male', NULL, '2019-07-29 05:02:02', '2019-07-29 05:02:02'),
(20, 'Sunil Saxena', 'training@inmotionhosting.com', '$2y$10$DGBuW2eM6IR8aVegrj4qKu/AQV9tTXLe3aqT15mpgjUfe2ZMBuqcq', '3629 Sentara Way, 303', 'Virginia Beach', 'VA', '23452', '7574166575', '2000-08-10', '1234567', '32', 'Male', NULL, '2019-07-29 05:04:06', '2019-07-29 05:04:06'),
(21, 'Dani Klepper', 'dani@klepper.us', '$2y$10$hRfHLDjkgLo/iiMdWc0u3.ubGZVr129R3jSoOZqFXpXLlCEaC29EC', '745 Fire Tower Rd', 'Virginia Beach', 'VA', '23452', '7574166575', '2000-08-10', '1234567', '15', 'Female', NULL, '2019-07-29 05:05:31', '2019-07-29 05:05:31'),
(22, 'Fanny Pew', 'fannypew@gmail.com', '$2y$10$1eVrLDMCM4cIAzpkmjnmX.wRtNq0PC5LKvB56mcWOscqyVhBGZNVa', '123 Never Been There', 'Heavenly', 'VA', '12345', '7576723200', '2001-01-01', '1236547', '32', 'Male', NULL, '2019-07-29 05:13:35', '2019-07-29 05:13:35'),
(23, 'Elmer Fudd', 'elmerfudd@gmail.com', '$2y$10$3FGYeLpheFt2GA2EINcgeuLPcGQW3Mws.Eg2SFsTGxuxvlxM/Re6u', '555 AnyWhere Street', 'Main Town', 'VT', '12345', '2523394033', '2001-01-01', '1236547', '32', 'Male', NULL, '2019-07-29 05:15:31', '2019-07-29 05:15:31'),
(24, 'Arnold Swarzesomething', 'arnold@gmail.com', '$2y$10$C8XByvWCKd25r6OiPv0YEeYuzIz4vAJ309J77R5kvu56KrrrQLAHO', '1234 Muscle Ln', 'Los Angeles', 'CA', '90210', '555-555-5555', '20002-02-02', '976543', '32', 'Male', NULL, '2019-07-29 05:21:25', '2019-07-29 05:21:25'),
(25, 'Arnold Palmer', 'palmer@gmail.com', '$2y$10$FPFSBg90cvaHAAKbUfpCfOBGB6zKCx28wIFPFF7H8xL1sgVGPoVma', '345 Method Ln', 'Norfolk', 'VA', '23320', '7571234567', '2003-03-03', '6433215', '32', 'Male', NULL, '2019-07-29 05:23:04', '2019-07-29 05:23:04'),
(26, 'Clue Less', 'getaclue@gmail.com', '$2y$10$RyW.Ot6RJ4XaprvXz1hfFeN2v891wzylr1tYYb8KcqwWXqVmozAmW', '123 Idontknow Where', 'Lost', 'GA', '12345', '2223334567', '2004-04-04', '6549875', '30', 'Male', NULL, '2019-07-29 05:26:01', '2019-07-29 05:26:01'),
(27, 'Curly Hair', 'curly@gmail.com', '$2y$10$RArRTfvqhEZnfq5XOikT2egRFQdz6y4CCocc6hnwoZb7pQqIUZGtq', '456 Slapstick', 'Humorville', 'WI', '23414', '6766766767', '2001-05-05', '9517538', '30', 'Male', NULL, '2019-07-29 05:27:55', '2019-07-29 05:27:55'),
(28, 'Joshua Klepper', 'test2@gmail.com', '$2y$10$AKlTlq5msUdEmaK2/sEaPutrKSZld7y/595bYDmg/YyY2wQTNzK2O', '745 Firetower Road', 'Elizabeth City', 'NC', '27909', '2523394033', '2002-07-08', '5469413', '30', 'Male', NULL, '2019-07-29 05:29:49', '2019-07-29 05:29:49'),
(29, 'Dr. Jeramy Hintz', 'isabel09@example.com', '$2y$04$gHCjecZ0oHraQlR1SLz4NeyxQiP6/m6M.TLxfEry8gyd7QKEL8hdK', '3976 Crona Ville Apt. 157', 'Simonisfurt', 'NY', '97178', '1-463-810-8686 x722', '2001-02-20', '10892743', '31', 'Female', NULL, '2019-07-29 05:33:04', '2019-07-29 05:33:04'),
(30, 'Prof. Jayden Becker', 'hartmann.natasha@example.net', '$2y$04$sfMrddmEqys8BylMBFTcpOMWZcl5YcLa4UScUJhgecsixL1sDMRH6', '268 Daugherty Isle Apt. 706', 'Hilltown', 'CO', '09365', '(602) 412-1476 x35364', '1995-07-03', '17952427', '31', 'Female', NULL, '2019-07-29 05:33:06', '2019-07-29 05:33:06'),
(31, 'Sarina Dare', 'gkub@example.org', '$2y$04$5yjz0OQx8bcJUbjIRS/rseppscphMkEhcZSiQG7F3ja9g2ynEfk3G', '752 Volkman Cape Suite 570', 'Robbiemouth', 'MI', '30930-6966', '1-874-574-1428', '1991-04-25', '66562770', '14', 'Male', NULL, '2019-07-29 05:33:07', '2019-07-29 05:33:07'),
(32, 'Tomasa Dickens', 'apaucek@example.net', '$2y$04$tz/Zkf2oF5q8YEX4NxoaQuBgdxbJVB0ln8RS7kkZdfTcBK59V78cu', '473 Natalia Wall', 'Lulustad', 'AZ', '94836-8563', '(810) 598-2682', '1996-10-01', '9434162', '14', 'Male', NULL, '2019-07-29 05:33:07', '2019-07-29 05:33:07'),
(33, 'Mr. Cristian Kemmer', 'maximo54@example.org', '$2y$04$f6K7.T06rtXqHsY7NEH5Keb324SMONfaHg3OpputNptxA2D/OAMtu', '9331 Goodwin Drives', 'Oberbrunnerchester', 'ME', '53410', '404-705-8784 x845', '2001-10-17', '79263815', '30', 'Male', NULL, '2019-07-29 05:33:08', '2019-07-29 05:33:08'),
(34, 'Mrs. Shea Champlin', 'pgreenholt@example.com', '$2y$04$On4a4qIl8coKszxo2N1KnuRaipRh1NKhacl2a0RvIVG/jG0uhoRN.', '1367 Stephanie Parkway', 'South Bufordhaven', 'OH', '13198', '+15314943377', '1994-06-04', '28675507', '13', 'Female', NULL, '2019-07-29 05:33:09', '2019-07-29 05:33:09'),
(35, 'Annette Sauer', 'mbeier@example.com', '$2y$04$2Q5yK3lPjfI4dHXhsuyqZuTvOBEns69oExDNruNU1Je58nuQ3Ammm', '7020 Lemke Junctions', 'South Taylorstad', 'PA', '02289', '583.673.2717', '2001-08-13', '58818455', '14', 'Male', NULL, '2019-07-29 05:33:09', '2019-07-29 05:33:09'),
(36, 'Vena Reichert', 'daniela.witting@example.org', '$2y$04$836Sb0DMZI/nvTjYGwH62.gP8RdgOkwxR2mgArMASmO72NLmsxVS.', '7731 Wyman Prairie', 'Lake Ewald', 'NY', '99922-7711', '852-378-1477 x9571', '1999-01-12', '93720708', '13', 'Female', NULL, '2019-07-29 05:33:10', '2019-07-29 05:33:10'),
(37, 'Lucile Hauck', 'cartwright.louisa@example.org', '$2y$04$YcnRW/jV/Od47fWP1v8PY.vrS/YQjJ4PKDhDEOuMpyh31YV8WdRCC', '356 Kiera Court Suite 089', 'Davisstad', 'OR', '64151-3071', '(938) 383-3528', '1999-03-13', '20698198', '31', 'Female', NULL, '2019-07-29 05:33:10', '2019-07-29 05:33:10'),
(38, 'Mr. Bailey Muller', 'thermann@example.com', '$2y$04$Ws8.AEMjE/niXbKIgdNUDORB4IYsgGGwSeX.ckNCxF1gZ8D0fVnnG', '7990 Agustina Place Suite 424', 'East Raquel', 'MO', '91888-7868', '1-963-935-3457', '1994-11-14', '71698066', '31', 'Female', NULL, '2019-07-29 05:33:11', '2019-07-29 05:33:11'),
(39, 'Kirstin Oberbrunner', 'newton98@example.org', '$2y$04$BAfMBLnm3d8Yc1XeaAbEOuVVQqHhHgEYhjZ4siVux9eUE8nFbRrpO', '19003 Sabryna Course', 'East Thaddeus', 'IA', '22993', '795-525-3909 x0546', '1997-05-10', '27602359', '14', 'Male', NULL, '2019-07-29 05:33:11', '2019-07-29 05:33:11'),
(40, 'Raymond Huels V', 'champlin.alanis@example.net', '$2y$04$gMIvfCDY1Jn17Cyt0LHE6O7GwG8gL47bYpljr1KN4KqQNbRRVfJRO', '9035 Ada Canyon', 'Schimmelhaven', 'NH', '94134', '+1 (831) 957-0774', '1991-10-31', '45379065', '14', 'Male', NULL, '2019-07-29 05:33:11', '2019-07-29 05:33:11'),
(41, 'Nikita Baumbach', 'erempel@example.net', '$2y$04$luoiUOyX8yfxLHtEMvGlge4F/.gxjpcP8n59eofrT8b2zf6ygHtIW', '55599 Emmerich Well', 'East Pollyport', 'MT', '67660', '402.319.0298 x6998', '1996-11-14', '52757352', '30', 'Male', NULL, '2019-07-29 05:33:12', '2019-07-29 05:33:12'),
(42, 'Test User', 'test@gmail.com', '$2y$10$kF1XCRzaW.YHmHdu0ob2j.6VPtuAqTSy.Jsmcii3vpYdqoXyJm0OW', '55 Nowhere Lane', 'Imaginary Ville', 'ME', '25874', '1234567899', '2001-08-08', '6543216', '30', 'Male', NULL, '2019-07-29 05:34:56', '2019-07-29 05:34:56'),
(43, 'Allie Barrows', 'jairo.mueller@example.org', '$2y$04$hpmMjLDkJOQXvewI1nwmAevGSdTDrKrPL26553FwwmJ85Y83iT2Dm', '14606 Farrell Tunnel', 'Willmschester', 'OK', '75113', '1-731-746-1637', '1990-02-24', '43687018', '14', 'Male', NULL, '2019-07-29 05:36:59', '2019-07-29 05:36:59'),
(44, 'Janice DuBuque II', 'dario.goodwin@example.net', '$2y$04$O5FPQOdBi1tekd94VABLjeStrZrDnRk1ef8VmD7igWc.9mGLj.Daq', '462 Ona Plains Suite 988', 'Schadenmouth', 'TX', '20664-9619', '+16099188879', '1997-10-20', '89497946', '13', 'Female', NULL, '2019-07-29 05:36:59', '2019-07-29 05:36:59'),
(45, 'Norberto Thiel', 'dibbert.monique@example.com', '$2y$04$NGODntWIqcFtlZAYT3WZ6uqRb0ooSvfQkJaB5HRS5ekDaYuf.kL9q', '240 Orie Villages Suite 364', 'Garlandport', 'KS', '11180-0639', '1-385-918-2321 x04702', '1999-04-25', '26894387', '14', 'Male', NULL, '2019-07-29 05:36:59', '2019-07-29 05:36:59'),
(46, 'Prof. Willis Swaniawski I', 'grady.barry@example.org', '$2y$04$lUfiKZzq8INIzvlvckRhUOalYuPT8QDeye9ToHv17vw9vE53Bwzpe', '831 Kling Bridge', 'North Shawn', 'NE', '29176', '739.631.5201 x48386', '1990-11-01', '76632047', '31', 'Female', NULL, '2019-07-29 05:37:00', '2019-07-29 05:37:00'),
(47, 'Miss Roma O\'Reilly III', 'lkautzer@example.com', '$2y$04$tsheIjBf79jz4Bs.etFug.C3.Wuu8wyZE6d5i4B1hg5DUp.vrZW7q', '8575 Laisha Parkways Apt. 118', 'Darbyton', 'NE', '23548', '(962) 638-5341 x25239', '1994-09-08', '78093324', '31', 'Female', NULL, '2019-07-29 05:37:00', '2019-07-29 05:37:00'),
(48, 'Dr. Demetrius Zieme I', 'mitchell.gaylord@example.com', '$2y$04$DRX3FsT9NmjyudjinyzVsOzhiRFY2gU4B.On/aexslBtMEOq1apnS', '4428 Rahsaan Ways', 'North Ramon', 'AK', '81450', '279-793-0779', '2000-01-28', '49008077', '30', 'Male', NULL, '2019-07-29 05:37:01', '2019-07-29 05:37:01'),
(49, 'Prof. Jo Kilback', 'baumbach.katherine@example.com', '$2y$04$mwBUMRgBbJDBVbicButB5eCFQgmTKHTRRQ9865/PdevCS7yKmtE0K', '780 Hand Pines', 'Penelopeland', 'IL', '10909', '(753) 532-7819', '1991-02-01', '94302116', '30', 'Male', NULL, '2019-07-29 05:37:01', '2019-07-29 05:37:01'),
(50, 'Montana Walter', 'gstokes@example.com', '$2y$04$C/L56XxSOWmzAypjbw6dTOANxNqIwMjv5mRIAI.liS1GtJ8amDZR.', '63495 Torrance Green', 'Lake Miguel', 'SD', '37341-3182', '+1.367.228.4173', '1997-11-26', '22366337', '13', 'Female', NULL, '2019-07-29 05:37:01', '2019-07-29 05:37:01'),
(51, 'Lupe Kirlin', 'priscilla24@example.net', '$2y$04$b.nD7zVjaL4mMlN3mAVjyOn5z7geV1ApFciAs3pr03C5ekQ7CBhaS', '87814 Herman Meadows Apt. 126', 'Maximeborough', 'NE', '94845', '1-504-813-2284 x3529', '1992-05-22', '80038959', '31', 'Female', NULL, '2019-07-29 05:37:02', '2019-07-29 05:37:02'),
(52, 'Ms. Marta Bechtelar MD', 'katherine.rau@example.org', '$2y$04$v9HN77e4g5ZDVu2hGU6YaecMEhPlASYmsA6Ezxuw2TMeZdmqzkEZu', '44921 Maureen Summit', 'East Minerva', 'WA', '89899-6639', '+1-597-557-2638', '1994-05-12', '60629926', '29', 'Male', NULL, '2019-07-29 05:37:02', '2019-07-29 05:37:02'),
(53, 'Alicia Torphy', 'rempel.magnolia@example.org', '$2y$04$bma4N3VT/SBp2g35/.vIz.9wdOkYk3irdTb0NeRZA43WxWeCPaelu', '3265 Winnifred Roads Suite 612', 'Hannahland', 'TX', '81877-6189', '425-889-2944 x627', '2000-06-03', '88179097', '29', 'Male', NULL, '2019-07-29 05:37:03', '2019-07-29 05:37:03'),
(54, 'Ezekiel Dooley', 'alejandra57@example.com', '$2y$04$MwBBv0r3pU4zcUqDt6A25OIOzZ657MLuMAbQM4G3.HTgZED6VkwKO', '316 Assunta Bridge', 'South Burdette', 'TX', '15833-8380', '(627) 981-3588', '1992-06-07', '34497202', '14', 'Male', NULL, '2019-07-29 05:37:03', '2019-07-29 05:37:03'),
(55, 'Mr. Rocio Becker', 'salvador28@example.com', '$2y$04$FwE7sZLQJs/rDc6XIqdf4uVX1/BK.llNnvEslBieOw8zDCgt6pK6C', '6708 Josue Field', 'Lake Ocie', 'DE', '38931-4060', '(967) 721-0278', '1993-11-21', '85977902', '29', 'Male', NULL, '2019-07-29 05:37:03', '2019-07-29 05:37:03'),
(56, 'Dallas Nolan', 'zbode@example.com', '$2y$04$VAUgBM1iN26D9/f95Dcw2uVwFZvXIqXvctsfiLVZbV.gSa12F0Azu', '172 Lafayette Courts', 'Kuhicstad', 'LA', '70757', '254.670.7510 x18421', '1992-11-16', '23076626', '29', 'Male', NULL, '2019-07-29 05:37:03', '2019-07-29 05:37:03'),
(57, 'Rhiannon Goyette', 'barton.lafayette@example.com', '$2y$04$ti2t0bRtRCAl8avNN.ZuHuFK48fAaLCzTPVqPsMHUT1NPLSVu1jXi', '35758 Roob Ford', 'Koeppville', 'WY', '35954-5067', '553-536-0596 x81370', '1997-05-14', '97823804', '28', 'Female', NULL, '2019-07-29 05:37:04', '2019-07-29 05:37:04'),
(58, 'Penelope Douglas', 'lizeth87@example.net', '$2y$04$DO/vFeIdJLxKKq7VqY8qJOKxhR9t8APMrI5z2vLzCKpJWv.a/b.dq', '899 Adah Mission', 'Beerport', 'NE', '73437', '+1-876-826-7217', '1993-03-19', '35988543', '12', 'Male', NULL, '2019-07-29 05:37:04', '2019-07-29 05:37:04'),
(59, 'Ms. Myrtice Bayer DDS', 'mprice@example.net', '$2y$04$Qpq.qLioCMYHBRi418CNp.TGJUli2/FvXNINj/fddALehy3xSrlXq', '56029 Giovanni Field Apt. 961', 'South Claude', 'OR', '81081-5219', '253.650.4694 x3707', '1998-05-09', '83658273', '13', 'Female', NULL, '2019-07-29 05:37:21', '2019-07-29 05:37:21'),
(60, 'Mathilde Smitham', 'ebba.von@example.org', '$2y$04$SBfrKXcbWMFUv.ZiNSLosef8LBqS3GAU.0wN64x5nRebk/8HBTRKy', '855 Freida Wells Apt. 298', 'Ebertfurt', 'NV', '65396-1886', '(986) 236-7193 x19013', '1999-02-02', '28938169', '13', 'Female', NULL, '2019-07-29 05:37:21', '2019-07-29 05:37:21'),
(61, 'Susan Zulauf', 'tlebsack@example.com', '$2y$04$jHDRA3r0cEih6.EoqRIIKu1EPODC8cgTWPHGPF3eIHdqgW.06471q', '23924 Lowe Manors', 'Maryseport', 'MD', '67797-4942', '1-513-875-7665 x056', '1999-10-19', '47665378', '28', 'Female', NULL, '2019-07-29 05:37:21', '2019-07-29 05:37:21'),
(62, 'Mr. Cristian Ortiz', 'mjerde@example.com', '$2y$04$8UefMvT6cxd9W5riuKPajuc5oQK7xbtWK1xWUgs1QOfg3.6unouFG', '3447 Monique Lodge Apt. 369', 'Port Margaretta', 'CT', '98362-1516', '1-537-715-0136 x147', '1996-07-21', '6463191', '29', 'Male', NULL, '2019-07-29 05:37:22', '2019-07-29 05:37:22'),
(63, 'Yasmeen Mitchell', 'csporer@example.net', '$2y$04$GKc4.nqrCqcwTonRXwTMmedsk4hZQexDEnKop33YWlSJgnI/SzANO', '2649 Graham Track', 'Alessiaton', 'AR', '80127', '(482) 458-4778 x22680', '1997-09-17', '98937559', '28', 'Female', NULL, '2019-07-29 05:37:22', '2019-07-29 05:37:22'),
(64, 'Mrs. Calista Johnson IV', 'dhermann@example.org', '$2y$04$W6MG.CO0yH33Ggp3YQMKDemD6ZNBpxlGPoLCRH6LpB5XgVaYtZdBm', '7246 Thompson Mews', 'South Braxtonville', 'NV', '18753', '314-692-3972', '1998-01-19', '89132609', '29', 'Male', NULL, '2019-07-29 05:37:22', '2019-07-29 05:37:22'),
(65, 'Dr. Waldo Wyman DDS', 'khalil05@example.com', '$2y$04$S08yjHGIWG4ojxk9I2wrWOpL8X.No6S5WqR3IsPm7LrKgsv2E3wgu', '859 Kulas Vista', 'Mylesberg', 'WV', '01163-1263', '(719) 843-5915 x206', '1993-09-17', '13859333', '12', 'Male', NULL, '2019-07-29 05:37:23', '2019-07-29 05:37:23'),
(66, 'Alexane Mosciski', 'nzboncak@example.com', '$2y$04$SysDm/zNK7a.ocnnczQ0uuvfMDTAIVBqxQdzzdTQucfEr8IHEqW.O', '68922 Steuber Station', 'Jonesside', 'TN', '41418', '(425) 421-0424 x7449', '1996-02-14', '68451877', '12', 'Male', NULL, '2019-07-29 05:37:23', '2019-07-29 05:37:23'),
(67, 'Aniya Moen MD', 'tomas43@example.org', '$2y$04$vuLzbestNnoXdyNVbFXVf.z3dUM/Et9BEBdqwZUIBwDQ0pU6Nhi/O', '584 Mayert Lock', 'Manteburgh', 'WY', '26706', '(452) 442-3421', '1991-10-10', '10491249', '28', 'Female', NULL, '2019-07-29 05:37:23', '2019-07-29 05:37:23'),
(68, 'Marley Koss DDS', 'hamill.ava@example.com', '$2y$04$E2hEdhu.Eu/qo63nkKsIN.fNHmh6BfPgei5MXt2os/DMMAyeVZ.3K', '517 Bernard Fork', 'West Verlieberg', 'NH', '65737-9557', '+1 (618) 223-0210', '1994-11-27', '91507183', '29', 'Male', NULL, '2019-07-29 05:37:23', '2019-07-29 05:37:23'),
(69, 'Dr. Rudolph Renner', 'asanford@example.net', '$2y$04$bnFso.TGaATn1DWyKlKyI.dnKFlp5g/P7fe7jfDmr8LQ7V/.JLR3q', '11153 Justen Points', 'Arnulfofort', 'IN', '18758', '1-404-300-7638 x20871', '1992-02-23', '58205235', '12', 'Male', NULL, '2019-07-29 05:37:24', '2019-07-29 05:37:24'),
(70, 'Ova Bernier', 'larson.kiana@example.org', '$2y$04$r1C56uDx5a5ViP8dMn1lT.aoTSKCqHwwSKigSqj0Yhsf9w3.iGv.6', '98631 Dibbert Lodge', 'Lake Drewshire', 'NV', '68302-5786', '865.380.2071 x70999', '1992-06-04', '60888091', '12', 'Male', NULL, '2019-07-29 05:37:24', '2019-07-29 05:37:24'),
(71, 'Mr. Elias Kessler', 'medhurst.jamil@example.net', '$2y$04$mkIWCLVe7Xu6wdpf3Cd6AOrESzZdD9c6j3/CM2xo1ROBYlkB2rksm', '913 Gorczany Plain Suite 907', 'Wisokystad', 'MI', '60167-0954', '317.613.7053 x45239', '1990-03-22', '90313268', '29', 'Male', NULL, '2019-07-29 05:37:24', '2019-07-29 05:37:24'),
(72, 'Deanna Harvey', 'tstroman@example.net', '$2y$04$IYbVu.r8MVTSVI2BpnpTYOFu6Wu9hlgdKhrcLfbMmuDWcgF2DELJi', '246 Koepp Mountain Apt. 145', 'Kihnchester', 'IL', '32914-9074', '382.560.7689', '1997-06-04', '73274914', '27', 'Male', NULL, '2019-07-29 05:37:24', '2019-07-29 05:37:24'),
(73, 'Prof. Amber Raynor IV', 'samara07@example.net', '$2y$04$7otNxA/jCavn9ojGL4b8r.92UnCEri5LnmCVoHALur8kpuuC0VZDq', '4398 Ewald Loop Apt. 911', 'Lake Chase', 'MI', '00685-4258', '282-759-1294 x34680', '1992-03-31', '2300037', '28', 'Female', NULL, '2019-07-29 05:37:25', '2019-07-29 05:37:25'),
(74, 'Jude DuBuque', 'einar04@example.com', '$2y$04$q8rax/agdmH/9BK/UvAzf.Pnlbtw4PxLxQlLch1in0tuwXGSkxYOe', '59862 Jamarcus Radial', 'North Kelton', 'IL', '58198-1677', '(828) 691-7317 x616', '1993-06-18', '43818077', '28', 'Female', NULL, '2019-07-29 05:37:25', '2019-07-29 05:37:25'),
(75, 'Jaida Hodkiewicz', 'tito.shanahan@example.net', '$2y$04$p5wXAJxWeQDYr74MsliUS.oYtZSXHovcnNXZ33elkWBNYFcIhYkEy', '4644 Cooper Common', 'Janicefort', 'ME', '50624-6668', '847.480.3912 x4173', '1992-12-23', '9835824', '12', 'Male', NULL, '2019-07-29 05:37:26', '2019-07-29 05:37:26'),
(76, 'Prof. Fredy Hickle MD', 'ukuhn@example.org', '$2y$04$MX08o3P7/Puzv6hrXtDSMe8.imiSVXJ8pjEEGEr8/MlQlSE9jEHbu', '13682 Winnifred Well', 'Adamsside', 'WA', '70391-9440', '(460) 831-3977 x59060', '1996-05-17', '64428312', '28', 'Female', NULL, '2019-07-29 05:37:26', '2019-07-29 05:37:26'),
(77, 'Mr. Brycen Kerluke', 'dimitri.orn@example.com', '$2y$04$xK.kwJ.EdXL7V0dwR/x.Leo.jpPJPUgQSYL0LUgkz/EaWClDAyw62', '880 Alejandra Terrace Suite 264', 'South Cathychester', 'AR', '46355', '907.990.7919 x8392', '2001-01-30', '26036169', '12', 'Male', NULL, '2019-07-29 05:37:27', '2019-07-29 05:37:27'),
(78, 'Dr. Ayana Cronin', 'kayley.sanford@example.com', '$2y$04$oZolcu94aUnfNj7s.Bv6cesnTPs91i.jpEFkJ82/OIpH7qGOpjM82', '290 Vida Stream', 'Elizachester', 'AK', '23943', '(706) 542-7740 x8708', '1995-02-13', '33918864', '12', 'Male', NULL, '2019-07-29 05:37:27', '2019-07-29 05:37:27'),
(79, 'Rosie Zieme', 'floy.stehr@example.com', '$2y$04$/lHZTBpRSop5dNYepNPajON2rNDD6ASzFx8kaxG/1Cg7e4S.Yp7Pe', '761 Estefania Glen Apt. 366', 'New Jeremyberg', 'TN', '40027', '+1.647.644.3558', '1997-01-08', '26952419', '13', 'Female', NULL, '2019-07-29 05:37:28', '2019-07-29 05:37:28'),
(80, 'Trenton Hettinger III', 'rosina75@example.org', '$2y$04$xLpOydM/m05xD2WTPin4U.qhbu3Donay7muT0qkD.AcyKb/ldcQzW', '521 Hand Motorway', 'East Fannieland', 'AR', '44515-1694', '432-702-6485 x110', '1998-08-16', '75058714', '11', 'Male', NULL, '2019-07-29 05:37:28', '2019-07-29 05:37:28'),
(81, 'Dr. Robbie Legros', 'grayce.koelpin@example.org', '$2y$04$KPnIiu2XxqDN2hxImmAYveHtHCi0RNKTD2dhODBdZBEuT.CAqmTYC', '296 Ellie Underpass', 'New Jennyfer', 'CO', '20246', '553.883.3400', '1995-12-29', '88945941', '11', 'Male', NULL, '2019-07-29 05:37:29', '2019-07-29 05:37:29'),
(82, 'Wilson Stanton', 'esther62@example.org', '$2y$04$lwyXhKDYLEgO3sRsoUms5unQS.X1oNWcmrVI2h0.eLePK8PkYFwbu', '826 Skiles Parks', 'Sidneyland', 'RI', '31077', '364.704.0507', '2000-10-01', '64082295', '13', 'Female', NULL, '2019-07-29 05:37:29', '2019-07-29 05:37:29'),
(83, 'Leonor Wisozk', 'auer.samson@example.com', '$2y$04$fj/7vNvRlj3DnK6I7MjPV.iL77Jt0ce7UEYGg42y7XUDKR6hrCC6G', '6201 Lempi Ridge', 'Lake Andy', 'ND', '06523', '312-666-0379 x693', '1997-02-25', '14982582', '28', 'Female', NULL, '2019-07-29 05:37:29', '2019-07-29 05:37:29'),
(84, 'Lionel Rolfson', 'hickle.deborah@example.net', '$2y$04$n/23nsBHQa7nYB/rTwV2p.xS/HMApc8JqRxrcUlh2HMCN8zwSZ28m', '4501 Lauriane Corner Suite 172', 'Dockhaven', 'GA', '68575-8853', '(963) 443-7015 x25091', '2001-08-08', '76756198', '11', 'Male', NULL, '2019-07-29 05:37:30', '2019-07-29 05:37:30'),
(85, 'Dr. Constance Nicolas Sr.', 'zhuel@example.com', '$2y$04$YAGcIrgMqXxMoSZianaF9OKBaDY24zQcinso89uYjLLv0zyfiiG0a', '4714 Olson Station', 'North Jazmin', 'OR', '24949', '(467) 740-8436 x023', '1995-05-13', '94507277', '27', 'Male', NULL, '2019-07-29 05:37:30', '2019-07-29 05:37:30'),
(86, 'Reagan Leuschke', 'waldo.vonrueden@example.net', '$2y$04$g1Dx5TQxBHSa7EeoisFGqeXYQZFAunrfDwtoPfzBobxdRVhrDY3LK', '7060 Zboncak Turnpike Suite 975', 'Herzogborough', 'NC', '21290-9867', '336.467.5809 x88371', '1999-12-03', '18200611', '26', 'Female', NULL, '2019-07-29 05:37:31', '2019-07-29 05:37:31'),
(87, 'Mavis Lynch', 'maribel.shields@example.com', '$2y$04$xwnnCr10uI3jPQDZh5UFF.hoAPykIydCX6Zr8eKM208iWRs6amU2.', '417 Mose Spurs Suite 418', 'Asaborough', 'ND', '13181', '578.737.5625 x0553', '1997-12-06', '87855237', '26', 'Female', NULL, '2019-07-29 05:38:26', '2019-07-29 05:38:26'),
(88, 'Dr. Kenton DuBuque', 'rossie03@example.net', '$2y$04$eTsrwEOx14ZEjwG7uVDw4ul48W/1PPafTqPftMY4Rb0Ntvo3sKjmm', '7702 Heller Valley Apt. 440', 'East Mya', 'KS', '94446', '(362) 807-6854 x6004', '1993-08-30', '45697122', '10', 'Female', NULL, '2019-07-29 05:38:27', '2019-07-29 05:38:27'),
(89, 'Hailey Boyle', 'kenton.keebler@example.com', '$2y$04$fWk01sWFPe8Y9WRlw92g2OdR6mnb.3i962YoaeXWvC8kXD29qSMR6', '4047 Herzog Pass', 'Cordeliaville', 'IL', '84854-4069', '1-218-310-5773 x6792', '1992-07-24', '11035335', '27', 'Male', NULL, '2019-07-29 05:38:27', '2019-07-29 05:38:27'),
(90, 'Cornell Feeney', 'xterry@example.net', '$2y$04$.McbgKy/xHZR.wtIWCaX/OJ7e.QPPQyDc8m/m3.YJgLdedPfxJETy', '2978 Williamson Grove', 'New Koreymouth', 'AK', '14794', '(587) 906-5223 x2910', '1996-03-25', '19205643', '26', 'Female', NULL, '2019-07-29 05:38:27', '2019-07-29 05:38:27'),
(91, 'Prof. Jan Nikolaus DDS', 'wanda44@example.net', '$2y$04$lGOYToqFb1.4TvCfOphWTuRghjUg.w5rix0ggPY.OM0z9OJ99kKjC', '7922 Lelia Shoal', 'South Bernadine', 'GA', '31791', '293-259-6172 x49384', '1997-02-08', '43070314', '10', 'Female', NULL, '2019-07-29 05:38:28', '2019-07-29 05:38:28'),
(92, 'Alessia Wintheiser', 'douglas.ewald@example.com', '$2y$04$Lxd14V44i70KQFWCsTzYWOlvVp90lfucykzk0SqOJnNq6j8/W9JEC', '651 Walker Lights Apt. 748', 'East Leslie', 'MI', '24629-3972', '482.338.8009 x39822', '2000-06-18', '47774025', '10', 'Female', NULL, '2019-07-29 05:38:28', '2019-07-29 05:38:28'),
(93, 'Prof. Brayan Berge MD', 'bemmerich@example.net', '$2y$04$dpwI9x4N3RmxiqgTjEoOc.6igy7UNso4uvSn.PQjQLprvZL8u/1B.', '3467 Rempel Port Suite 367', 'Port Sammy', 'CT', '51945', '686.536.8523', '2001-02-15', '77838988', '27', 'Male', NULL, '2019-07-29 05:38:28', '2019-07-29 05:38:28'),
(94, 'Flossie Wuckert', 'breanne.kuphal@example.com', '$2y$04$VLjCuYnUz5N2PygA33IEeOKOv0ZMlxI7H9kwu.WnRjQMw.6vTGFNu', '970 Hassie Crossroad', 'South Millieburgh', 'RI', '07275-8895', '+1-827-276-5559', '2001-11-16', '64328372', '27', 'Male', NULL, '2019-07-29 05:38:29', '2019-07-29 05:38:29'),
(95, 'Myrtie Boyer', 'reva.hegmann@example.org', '$2y$04$nQ9su/54E9vUEVHFjij/1eCAW3Q91w4G1lp6AMo2yzDNCs25N3E8W', '50335 Laura Spurs', 'East Ana', 'IL', '94255', '1-902-443-1298', '1998-01-22', '31510617', '11', 'Male', NULL, '2019-07-29 05:38:29', '2019-07-29 05:38:29'),
(96, 'Dr. Mellie Leannon', 'veum.lina@example.net', '$2y$04$GCNCkZ76EZu.euqIAijI7OeZVNED34w3wOFeVWODba2QqhbejY3Jq', '906 Antone Cape Apt. 037', 'Theresatown', 'CT', '55005', '1-381-443-8917 x40852', '1995-03-30', '14690331', '11', 'Male', NULL, '2019-07-29 05:38:29', '2019-07-29 05:38:29'),
(97, 'Rose Daniel', 'laurie51@example.org', '$2y$04$J2/U33QuxMms1i6m9GcaUu5bmyS9cUt7PZes20PYPIiXbAy6BT8Im', '482 Koss Spur', 'North Roderick', 'NM', '52532-9633', '(920) 379-9133 x098', '1999-10-07', '47770335', '27', 'Male', NULL, '2019-07-29 05:38:30', '2019-07-29 05:38:30'),
(98, 'Maritza Wiegand', 'donna17@example.net', '$2y$04$cWsCoy7i.4pPsp/cdRDjd.GHLzRR0w7tiLR1rlEF4fuuLX70oazcO', '8223 Verner Mills', 'New Jordy', 'WI', '94673-1443', '1-372-798-5155 x71655', '1997-02-02', '34788978', '10', 'Female', NULL, '2019-07-29 05:38:30', '2019-07-29 05:38:30'),
(99, 'Shea Lesch', 'hazle46@example.com', '$2y$04$UDJ1FrKZvB06ImvvBshwBOpNL2a/9GAuwmzl1eWOR/oZJb1vPqi2W', '16327 Howard Pines Suite 945', 'Lockmanfort', 'CA', '52338-1995', '223-240-2289 x4239', '1992-10-28', '44897778', '10', 'Female', NULL, '2019-07-29 05:38:30', '2019-07-29 05:38:30'),
(100, 'Natasha Franecki', 'jaren95@example.org', '$2y$04$LTqmsa5q.UxEXLVjJHTIqu.nKus16/zxabPyh43qSjSgD0CUNnST.', '99364 Powlowski Wall Apt. 442', 'South Berniehaven', 'FL', '54776', '1-281-319-4909', '1996-03-28', '2242651', '27', 'Male', NULL, '2019-07-29 05:38:31', '2019-07-29 05:38:31'),
(101, 'Prof. Velma Pollich', 'hirthe.jaren@example.net', '$2y$04$Y.37XMG7uu5qBHDA4PaUh.T5Mf7YC5aSOxYv6DLGumcHxuk87ygha', '8094 Zulauf Flat Apt. 908', 'New Colleenland', 'NJ', '03884-8368', '318-853-7998', '1999-08-15', '27991709', '11', 'Male', NULL, '2019-07-29 05:38:31', '2019-07-29 05:38:31'),
(102, 'Emmett Hoeger', 'nikki.pagac@example.net', '$2y$04$HCexoAA8ae7Wj5aQVt9PxOg.IDfCOrMvW7VBzCll/VsWnN0bRyMcG', '269 Dalton Spring Apt. 323', 'North Elliotfurt', 'NY', '42194', '578-681-1913 x3532', '1998-11-07', '12426705', '27', 'Male', NULL, '2019-07-29 05:38:31', '2019-07-29 05:38:31'),
(103, 'Ernestine Pagac III', 'ieichmann@example.net', '$2y$04$FaZ/utvza4VJgi5RwvVpkORjr9bvzEGBMIUstaDzlUs19SvmalII6', '538 Ryleigh View', 'New Adahside', 'NV', '62627', '(825) 642-7413 x0150', '1994-11-19', '78080477', '10', 'Female', NULL, '2019-07-29 05:38:32', '2019-07-29 05:38:32'),
(104, 'Prof. Benton Will', 'samson.gerhold@example.com', '$2y$04$.6QeW8gzIKr00gOmSeZNUuWS27qjV3kUDC.ap9PTe//skefYMe69.', '910 Andre Skyway', 'Port Eula', 'CT', '28336', '(832) 944-9229', '1992-12-27', '77532403', '11', 'Male', NULL, '2019-07-29 05:38:32', '2019-07-29 05:38:32'),
(105, 'Mrs. Aurelia Hilpert', 'glover.josefina@example.org', '$2y$04$oA1wD80DLtDGhMrdqiY0DuvAKMIvaXQuzKFloN1E/06aXX5Kb8sWu', '34437 Runte Village', 'Veronatown', 'MO', '72834', '432-624-6947', '1992-10-24', '76597873', '10', 'Female', NULL, '2019-07-29 05:38:32', '2019-07-29 05:38:32'),
(106, 'Charles Mraz I', 'bertram73@example.org', '$2y$04$ggh/N28uShgOmGZ5GaNsV.NGrLkMREhoXk2R6V3QUSnMK0end8ZnC', '990 Funk Station Apt. 659', 'South Bonniemouth', 'CA', '84151-3908', '1-467-704-5353', '1998-06-23', '46339206', '10', 'Female', NULL, '2019-07-29 05:38:33', '2019-07-29 05:38:33'),
(107, 'Floyd Schoen', 'carolyn74@example.net', '$2y$04$wnQgMA.Zy66fPhBQM5rorehHRtnBBLi4njrTpvAuVUU.6YlqYbauW', '256 Bill Fields Suite 746', 'Port Angelica', 'CT', '84645-7904', '534-814-2243', '1994-08-26', '70781326', '26', 'Female', NULL, '2019-07-29 05:38:33', '2019-07-29 05:38:33'),
(108, 'Zoe Pacocha', 'jpacocha@example.org', '$2y$04$GoLGry2su/5OyHrbri5fd.nPU2VlGp6nOUIzU712jBKT/NMJt38uO', '50239 Willms Ways', 'South Dallin', 'MN', '06517-1405', '558-540-8883', '2000-05-30', '27039007', '11', 'Male', NULL, '2019-07-29 05:38:34', '2019-07-29 05:38:34'),
(109, 'Alexane Marquardt', 'russel.flo@example.net', '$2y$04$nEKn/cVfzhzStfwicjHleOCxI9G3V9QXKgAZWLV53yzwBNp4/m3Fe', '120 Hyman Drive', 'West Laurentown', 'AL', '35474', '1-910-549-2639 x777', '1998-09-15', '17979400', '9', 'Female', NULL, '2019-07-29 05:38:34', '2019-07-29 05:38:34'),
(110, 'Elisa McDermott', 'herzog.ressie@example.org', '$2y$04$6YpY65JY3Ge7LShLwml0ne.zTbvMv8mUnTFvtAqPvQ4vVZ.obrew2', '279 Waters Isle Suite 155', 'East Kadenview', 'NC', '30050', '460-419-7230 x05973', '1992-04-11', '66966452', '9', 'Female', NULL, '2019-07-29 05:38:34', '2019-07-29 05:38:34'),
(111, 'Gabriel Borer', 'ycrooks@example.net', '$2y$04$ldkmfi.y1iL8C1yjokxzYO5IYQvk/9V2x6qYz4DqAvmDGZUOgOKru', '376 Skiles Manor Apt. 862', 'Brigittechester', 'AR', '56981-4126', '483-360-2631', '1996-05-23', '57241563', '26', 'Female', NULL, '2019-07-29 05:38:35', '2019-07-29 05:38:35'),
(112, 'Marshall Dickinson', 'kaci46@example.net', '$2y$04$zzQtUKPgZPU0zHTn3vRQ2./H7CnKPsmhEhWx6Vzd0u6nIqLfqNcii', '28674 Roberts View Apt. 907', 'East Lavadaview', 'CT', '61254-6493', '219.610.2650', '1992-02-02', '84353650', '9', 'Female', NULL, '2019-07-29 05:38:35', '2019-07-29 05:38:35'),
(113, 'Pinkie McKenzie', 'idella55@example.com', '$2y$04$hiHRouRy6wL5l05SNZ6znuDajswSRyUMHDFC35fYOPR0Ga6HdYDJK', '53050 Bauch Prairie Suite 713', 'North Berneiceport', 'SD', '43937-6382', '1-246-333-0269', '1992-10-07', '4266236', '25', 'Male', NULL, '2019-07-29 05:38:35', '2019-07-29 05:38:35'),
(114, 'Prof. Trace Batz DVM', 'nschuppe@example.net', '$2y$04$SmTBWyuHOKizLcVLjCbjcugGNI8F4SnzlFQJXi2iQbZ78UQEBRvdW', '3577 Weber Points Apt. 054', 'Luisaborough', 'WI', '72721-2354', '1-905-247-3134', '1998-05-17', '48484940', '8', 'Male', NULL, '2019-07-29 05:39:00', '2019-07-29 05:39:00'),
(115, 'Jesse Marks', 'rwitting@example.com', '$2y$04$dUsFwP62E4dxUDaKBOBLzuNftW./iAMQjYxuAxvoYmCBUNTByzkNm', '38918 Doyle Radial', 'West Moshebury', 'PA', '78474-4773', '1-626-930-4432', '1994-10-05', '32699739', '9', 'Female', NULL, '2019-07-29 05:39:00', '2019-07-29 05:39:00'),
(116, 'Viviane Kassulke', 'jared17@example.org', '$2y$04$Esj0oCfHaa.fBxz6mgr6leqI./FrVoTzQNNUBNQzwpfAAwO3ugkta', '8315 Terry Mill', 'Port Lizziemouth', 'CA', '32696', '464-530-6938', '1997-06-08', '27953532', '26', 'Female', NULL, '2019-07-29 05:39:01', '2019-07-29 05:39:01'),
(117, 'Katharina Stamm', 'johnathon.haag@example.com', '$2y$04$knCzDIJBuxG/ErFchW6WS.4SzVzNbwFWDUWxeoIf1iv4GFori4PCS', '45702 Schulist Lake', 'Bartellland', 'KY', '76665', '1-495-809-8147', '1998-06-18', '79296971', '25', 'Male', NULL, '2019-07-29 05:39:01', '2019-07-29 05:39:01'),
(118, 'Karelle Walsh', 'marquise73@example.com', '$2y$04$4Vkze4/bBSoJtAfpCNxT7OqLFHFClPT.Vy4RQgbziiC94zk.Chawm', '49977 Madaline Burgs', 'Port Larry', 'OR', '63569', '+1-404-543-9300', '1990-09-10', '66326610', '25', 'Male', NULL, '2019-07-29 05:39:02', '2019-07-29 05:39:02'),
(119, 'Samanta Howe', 'arlie51@example.com', '$2y$04$Riz8sBGam.5NOd2hwVrDSekBCetil5xy4HpxN2EnHhlOC5o5OMBii', '958 Monahan Greens', 'East Chelsiebury', 'NJ', '07434-7377', '245-669-2130 x46049', '1999-06-12', '28444883', '26', 'Female', NULL, '2019-07-29 05:39:02', '2019-07-29 05:39:02'),
(120, 'Jordyn Bradtke', 'lizeth93@example.net', '$2y$04$NN6HZSzbakcwShGXWJJiyuczQ33UimvqV9BZfsQ1/5XFs9EI7tH1O', '960 Rocky Walks', 'Port Wendellmouth', 'FL', '59748', '+1-273-610-4047', '1994-04-01', '97384401', '9', 'Female', NULL, '2019-07-29 05:39:02', '2019-07-29 05:39:02'),
(121, 'Dr. Josie Swaniawski DDS', 'yrenner@example.com', '$2y$04$uCakOdUp2vUDYPPZYQkXsuat815EUfWof5xmxavnqpKRZddSItwpm', '7689 Graham Shores', 'Langoshstad', 'AR', '34807', '+1.568.238.5138', '1991-01-23', '10038068', '25', 'Male', NULL, '2019-07-29 05:39:02', '2019-07-29 05:39:02'),
(122, 'Alice Hoppe', 'devon23@example.net', '$2y$04$vq8k7acDOf1NSb0c/nSl8e91KzU9NhlwFrqKhopXz7vR0IuOb9486', '374 Leannon Field Apt. 909', 'Johnstonstad', 'VT', '61582', '1-659-213-5884 x908', '1994-02-04', '84207265', '26', 'Female', NULL, '2019-07-29 05:39:03', '2019-07-29 05:39:03'),
(123, 'Prof. Sylvester Mills', 'kunde.kaycee@example.org', '$2y$04$nvpLXpA7cN.Q4XkzzJJIReHCjTuD3VdQrGqgOO9rgO7MEe5a.BpNC', '29903 Vinnie Mountains', 'Sawaynburgh', 'IL', '65213-0682', '+1.992.258.9486', '2000-07-09', '44753372', '8', 'Male', NULL, '2019-07-29 05:39:03', '2019-07-29 05:39:03'),
(124, 'Prof. Magdalena Doyle II', 'donald.smitham@example.net', '$2y$04$/ddIjjN42obPcW6icSsVE.aslJYqzkc26MDg3b8Mb7gklwbFZidY.', '987 McCullough Hills', 'Jastmouth', 'MT', '22996', '208.886.8768', '1996-04-22', '71521450', '25', 'Male', NULL, '2019-07-29 05:39:03', '2019-07-29 05:39:03'),
(125, 'Ardith Kuhlman', 'trycia.hodkiewicz@example.org', '$2y$04$dmog8NBYZUgYaJDMkRs/beN.XE1HHjAjSVMpjGixehkae31Cr/YCu', '25489 Chanelle Flats Suite 925', 'New Jamarcusfort', 'NM', '09213-0414', '+1-427-698-4232', '1993-07-13', '79303902', '9', 'Female', NULL, '2019-07-29 05:39:04', '2019-07-29 05:39:04'),
(126, 'Margaretta Halvorson', 'gerson.volkman@example.net', '$2y$04$7.sc6uuZa.758rmg8LPtkuLSeSHfkAYqQWsFNByih8RNYYjzddbWO', '8742 Alexis Bridge', 'Towneberg', 'MO', '10492-0403', '904.322.8298 x0825', '1998-06-15', '88539971', '25', 'Male', NULL, '2019-07-29 05:39:04', '2019-07-29 05:39:04'),
(127, 'Alexandrea Keeling V', 'efisher@example.com', '$2y$04$pCRLfDIKZEEPN5MsNG..WOtt5VIe1BBywwo3PzfZff9tI7HQ/IZ3e', '254 Sauer Bridge', 'Lake Hanna', 'MI', '06587-2556', '+18988972533', '2001-03-05', '27065025', '9', 'Female', NULL, '2019-07-29 05:39:04', '2019-07-29 05:39:04'),
(128, 'Rocio McCullough V', 'harber.chadd@example.com', '$2y$04$wPxRvXSxzxYWpr2nABVYruua9tl79uqr53VvE1htI63vYoCBQa/b2', '16505 Myrtice Mountains', 'Kerlukemouth', 'CA', '64838-4977', '1-221-915-9527 x9667', '1990-06-13', '86369015', '24', 'Female', NULL, '2019-07-29 05:39:04', '2019-07-29 05:39:04'),
(129, 'Florida Reynolds', 'rocio62@example.com', '$2y$04$90fYfvchC/riMhRQd4zLCOy0aISrgWroQZgkNLqPBO6PCXd7WlSdu', '37690 Jerod Estates Apt. 452', 'Baileyborough', 'MN', '19872', '+1.916.807.3581', '1995-11-25', '98053967', '24', 'Female', NULL, '2019-07-29 05:39:05', '2019-07-29 05:39:05'),
(130, 'Carey Tromp', 'raufderhar@example.org', '$2y$04$58MeZasMkApv40kKfOFNY.FlFvsbtnMEtyjPsqwkFVk.FbixKh7K2', '5320 Ankunding Extensions Suite 003', 'South Makenna', 'TN', '57872-4246', '718.469.4113 x492', '1992-03-21', '50612546', '25', 'Male', NULL, '2019-07-29 05:39:05', '2019-07-29 05:39:05'),
(131, 'Marcelino Halvorson', 'nitzsche.ada@example.com', '$2y$04$hEJQebS85TNf0hXeE8I7I.rZ4JV8gqXd0iXKwFpjA/J0UEMcLnva6', '245 Ritchie Streets Apt. 786', 'Hirthemouth', 'PA', '10953', '+1-883-540-2655', '2000-08-14', '99597759', '24', 'Female', NULL, '2019-07-29 05:39:05', '2019-07-29 05:39:05'),
(132, 'Prof. Rey Hegmann PhD', 'elind@example.org', '$2y$04$Vkj65igODRiqwlWXK8AhZe1vXqRNLRmfxztrtck/TMgw0RVuTM3DK', '2516 Powlowski Groves', 'Port Elda', 'LA', '68568', '+1 (528) 205-8655', '1994-01-31', '90517565', '25', 'Male', NULL, '2019-07-29 05:39:06', '2019-07-29 05:39:06'),
(133, 'Miss Anika Kozey IV', 'elenora.homenick@example.net', '$2y$04$3XftsOnLU45Af8Lv9mzkdeF1dvRmU8C8Bv.vWUBe4Xnk7LJK4DGjO', '15853 Bruen Common', 'Johnsburgh', 'VA', '85150', '771.828.2475', '1995-09-15', '2081026', '24', 'Female', NULL, '2019-07-29 05:39:06', '2019-07-29 05:39:06'),
(134, 'Jarret Miller V', 'jaquelin.funk@example.net', '$2y$04$fCkBkUJ45jp.yyhR0CSxDe/0iyaK9e2EwerYqJ1abKgzkz1K.KoWS', '2272 McClure Mill', 'Jaleelland', 'FL', '41021', '+1-816-744-3515', '1990-12-07', '44942168', '24', 'Female', NULL, '2019-07-29 05:39:06', '2019-07-29 05:39:06'),
(135, 'Tia Turner', 'sheridan.hudson@example.net', '$2y$04$Wxg1UirGc9jmX4PH4zBGV.E2XYzSUEHo8uQRjOIST2f8iw3BTedZq', '245 Ashlee Lights', 'Lake Forestchester', 'ID', '60815-1153', '1-628-436-8384', '1991-03-15', '41906601', '8', 'Male', NULL, '2019-07-29 05:39:07', '2019-07-29 05:39:07'),
(136, 'Talon Konopelski', 'rosendo15@example.com', '$2y$04$zgtYIezCzhMtJlmBRH../e7bNtV4wmECJ24n2WngLtuNZx5cSgMOm', '391 Yundt Neck Apt. 602', 'Mayertfurt', 'CA', '10284-9849', '410.698.7512', '1996-01-10', '80814378', '9', 'Female', NULL, '2019-07-29 05:39:07', '2019-07-29 05:39:07'),
(137, 'Lexi Hudson Sr.', 'christophe28@example.com', '$2y$04$MQMLX3JvaXwlF37JCQE3Z.olVjEja5f2Xyal5m.Rorluvmck06RiK', '872 Schmitt Knoll', 'Simonishaven', 'LA', '97415-2544', '+14956297935', '2001-06-16', '54486780', '24', 'Female', NULL, '2019-07-29 05:39:07', '2019-07-29 05:39:07'),
(138, 'Janice Gottlieb', 'qgoldner@example.com', '$2y$04$6wCeWPVqbhGnFBYw77IgCuX8VKsnYG71.uH7OZMu8JPy2S2x2tgM6', '610 Kelly Prairie Suite 870', 'Orvalfort', 'UT', '93711', '984.278.3453 x6536', '1996-12-06', '44926004', '23', 'Male', NULL, '2019-07-29 05:39:08', '2019-07-29 05:39:08'),
(139, 'Sylvia Wiegand', 'crooks.enos@example.org', '$2y$04$XugGeFF5depZomXtjx9mVOoTjojvqR93/5F0Sh99qSnz7XtZzseXG', '76488 Bernard Vista Apt. 818', 'Hillmouth', 'NM', '19100-5019', '613-320-2262', '1990-02-25', '73426029', '7', 'Female', NULL, '2019-07-29 05:39:08', '2019-07-29 05:39:08'),
(140, 'Lacey Larkin III', 'freddie.terry@example.com', '$2y$04$tetJ.PKfgq1f97rTohWbC.QTEAcU4PXcEUH731IRVsQIEp74X4uhi', '83041 Stewart Lock Suite 214', 'Ritchieville', 'DC', '96934', '(769) 476-7004', '2001-07-22', '59768112', '23', 'Male', NULL, '2019-07-29 05:39:08', '2019-07-29 05:39:08'),
(141, 'Jarred Zemlak', 'sanford.domenico@example.org', '$2y$04$zbcr2fag848.JAjB4/dZy.gkxwBH80L3UXtuApHLP57INPg8RBiQ6', '22745 Kaela Streets Apt. 216', 'Maidashire', 'SC', '32357-8841', '937-409-2921 x7776', '1991-08-30', '93686492', '8', 'Male', NULL, '2019-07-29 05:39:42', '2019-07-29 05:39:42'),
(142, 'Prof. Raphaelle Hamill II', 'cmann@example.net', '$2y$04$x8XErH3E/cN5kGV3mY1ZOupnGCBw0iiIBURVuHq71GbnDClrvnSRS', '7740 Ernser Forges Apt. 123', 'East Hudsonview', 'CO', '82673-9624', '1-661-753-5744', '2000-03-14', '7671860', '24', 'Female', NULL, '2019-07-29 05:39:43', '2019-07-29 05:39:43'),
(143, 'Jared Padberg', 'antwon.ryan@example.org', '$2y$04$0wuLEUwqkfbitr2A2ilGF.H079Lg5oNSq4.dFBMiG1wrqKcVtrB/m', '7870 Keith Road', 'Dickinsonton', 'MS', '13731', '1-218-312-9292 x3321', '1990-10-07', '72548783', '8', 'Male', NULL, '2019-07-29 05:39:43', '2019-07-29 05:39:43'),
(144, 'Mrs. Melody Cassin DVM', 'sbartoletti@example.org', '$2y$04$3JKT0cv2mdVLWU7LzLms3O3wKccLm1pUVdVuWyHbT9jegylzH7mf6', '2292 Hegmann Shore', 'Port Derick', 'HI', '10229', '640-985-9552 x33034', '1997-08-02', '47613030', '24', 'Female', NULL, '2019-07-29 05:39:43', '2019-07-29 05:39:43'),
(145, 'Jovany Muller', 'ohuel@example.org', '$2y$04$wGmP0ydy0NVYtuWApuyode3HvtXQCgk.AsQg4nP0t.idDV/tAd06S', '185 Funk Court', 'East Raphaelle', 'MI', '50448', '+1 (668) 651-0044', '2001-05-05', '96581705', '23', 'Male', NULL, '2019-07-29 05:39:44', '2019-07-29 05:39:44'),
(146, 'Evangeline Marquardt', 'elody30@example.com', '$2y$04$X/XasJpYDkV5zpmo6EmeKeqwsIVpW1JFrFes/CekLHoRnQTOQF8pe', '5105 Dena Loaf Suite 647', 'West Tatefort', 'KS', '31607-8030', '227.438.9760', '1999-12-29', '73042658', '8', 'Male', NULL, '2019-07-29 05:39:44', '2019-07-29 05:39:44'),
(147, 'Syble Maggio', 'buckridge.scotty@example.com', '$2y$04$4bPJ8X93SSc.n2VbQcEU7OvAAzd0UR8stoJp3Us.GWbKJ6qEKvQrS', '8595 Hope Haven Suite 898', 'East Magaliberg', 'AR', '37159', '1-957-768-9224 x401', '2001-10-08', '71899527', '7', 'Female', NULL, '2019-07-29 05:39:44', '2019-07-29 05:39:44'),
(148, 'Jimmie Russel', 'schroeder.lonny@example.org', '$2y$04$i2t6//ZvEPcZV0e87wbcQedO8cxU0nFajs45qMyivD6O0mDbjfRYq', '74640 Jerrod Burg Apt. 159', 'Lesterburgh', 'MI', '51706-8841', '+17782315678', '1991-09-04', '54652395', '8', 'Male', NULL, '2019-07-29 05:39:44', '2019-07-29 05:39:44'),
(149, 'Mr. Keyshawn Mitchell III', 'neil53@example.org', '$2y$04$Q2vqBGW9vWZgJk5GkLVJ/ODWONvJMUjeIZ8RIkKZGNnBl7l7dvIlS', '6095 Mohammed Way', 'Lake Dennis', 'KS', '35850-9055', '1-703-980-9484 x074', '1993-09-12', '99319321', '23', 'Male', NULL, '2019-07-29 05:39:45', '2019-07-29 05:39:45'),
(150, 'Mrs. Olga Weber', 'seamus.kihn@example.org', '$2y$04$Fcr0vSrpHkn/CTumsVgqfu3cnUnaTFB9Ac/.qcd16LcaA.dCpT6ry', '86916 Nelda Rue Apt. 023', 'Lake Rozellachester', 'UT', '88165', '970-349-2830 x0916', '1998-10-29', '76734643', '22', 'Female', NULL, '2019-07-29 05:39:45', '2019-07-29 05:39:45'),
(151, 'Dorothea Waelchi', 'xheller@example.net', '$2y$04$VUFgxgGTos8bYwh5bOyp3eBSGq0GNyXWFHm4duosaoLmBMvm7z2tC', '82014 Bradtke Mountains Suite 493', 'Kathleenbury', 'SC', '48015', '356.994.3282 x390', '1999-04-21', '41992809', '7', 'Female', NULL, '2019-07-29 05:39:45', '2019-07-29 05:39:45'),
(152, 'Lewis Morar', 'dax53@example.com', '$2y$04$mqDT24O66HiXUD.Zg0oKcuqUrx7ztkasSC0MRaaPBqXtwi4OBBTUq', '63828 Brakus Plain Apt. 031', 'South Kelsi', 'MS', '40423-7956', '407.270.2316 x13390', '1995-02-20', '11423650', '23', 'Male', NULL, '2019-07-29 05:39:46', '2019-07-29 05:39:46'),
(153, 'Bethany Blanda', 'ygibson@example.com', '$2y$04$JydsNQ2rKBXw5rMGdRNlVeAMPMApCC5KJr2r6qTTy0gSHNIVyl9g6', '575 Raymond Canyon', 'Lake Sebastian', 'NY', '27031-6242', '807-952-6580 x41522', '1999-09-06', '14103085', '8', 'Male', NULL, '2019-07-29 05:39:46', '2019-07-29 05:39:46'),
(154, 'Deshawn Paucek', 'harley.krajcik@example.net', '$2y$04$fiXRFkS1PPD1nu2JPy.Hie3cjJrBkJIc2.94TVmoqQ6Eih/0kX0Q.', '8948 Bartell Lights Suite 306', 'West Nicklausport', 'WA', '99358-0892', '602.714.5566 x224', '1996-09-01', '24277841', '22', 'Female', NULL, '2019-07-29 05:39:46', '2019-07-29 05:39:46'),
(155, 'Ramiro Reynolds Jr.', 'rosalia72@example.org', '$2y$04$ajGInj3uGUiK0VVCoH3hW.rUtHzIST7uWKY8D2izzvn9A.u2FTCTG', '226 Dooley Cape', 'Delphineton', 'NV', '51851-4984', '427-799-4391 x35470', '1997-05-22', '91262131', '6', 'Male', NULL, '2019-07-29 05:39:47', '2019-07-29 05:39:47'),
(156, 'Rickie Hane', 'cloyd47@example.net', '$2y$04$ZIwlT4ZghW/NLNSJDJ7PFOrYgLjKgZS30cqTApCdScPPohw/rrFAe', '218 Rosemary Harbor Suite 682', 'Buckridgeberg', 'MO', '48908', '1-474-361-8702', '1990-03-21', '20541760', '7', 'Female', NULL, '2019-07-29 05:39:47', '2019-07-29 05:39:47'),
(157, 'Saige Dach', 'judah.heaney@example.net', '$2y$04$7rpCyy5q.EeZec4fa8wOteFY1AoIqb1WAZQEIIx91f.k.u5ZTXAfG', '9051 Dwight Coves Apt. 848', 'Lake Constantinmouth', 'ND', '41204', '248-347-8915 x1284', '1992-09-23', '76359015', '6', 'Male', NULL, '2019-07-29 05:39:47', '2019-07-29 05:39:47'),
(158, 'Prof. Jayce Bauch', 'ilowe@example.org', '$2y$04$pbCKrfKD.PwhbfPJh5O5yO6obvEM7tBWf/8VGKFdINxNUsM4cTSp.', '9927 Alta Dam', 'Muhammadstad', 'WI', '76368-1335', '710-776-4392', '2000-10-03', '41995970', '6', 'Male', NULL, '2019-07-29 05:39:47', '2019-07-29 05:39:47'),
(159, 'Deangelo Lueilwitz', 'jameson89@example.com', '$2y$04$UZVpuev9XSY.oFTnO4CI2.cnm61enwPdlnyCs8OJne6llrI8YT8C6', '5992 Hobart Rapids Apt. 463', 'Ewaldfort', 'TX', '24430-6406', '+1.523.663.7960', '1999-11-07', '9755276', '6', 'Male', NULL, '2019-07-29 05:39:48', '2019-07-29 05:39:48'),
(160, 'Miss Roxanne Zieme', 'skeebler@example.com', '$2y$04$NSwrdWse7rUa7suGGfHK1O688KyjbuGmUr3ujXg77jp2B.FKaP9Zm', '2734 Goldner Isle', 'Runolfsdottirtown', 'AL', '90738-7020', '632-402-7060 x6868', '2000-05-28', '75165922', '22', 'Female', NULL, '2019-07-29 05:39:48', '2019-07-29 05:39:48'),
(161, 'Missouri O\'Reilly', 'jacobson.jewell@example.net', '$2y$04$mOEIV0Z3O1nSoapfzPRYd.6u8UyCCjT3sqZPUYaLeOL92SV5fgety', '1331 Iliana Walks', 'North Salmaborough', 'SC', '72191-5511', '901-876-0755 x662', '1992-02-05', '44482537', '6', 'Male', NULL, '2019-07-29 05:39:48', '2019-07-29 05:39:48'),
(162, 'Emile Nader', 'medhurst.demetris@example.org', '$2y$04$A0JLF702EePdNoobuPowCusk8SHhVeAE2JL1HAL4GqljBL2oNPCBO', '2204 Elton Stravenue Suite 240', 'Greenport', 'NJ', '49256', '1-387-355-7425', '1998-12-17', '97279283', '22', 'Female', NULL, '2019-07-29 05:39:49', '2019-07-29 05:39:49'),
(163, 'Emmet Jast', 'nichole48@example.net', '$2y$04$QU6jkPzxbRCJwH6gTmgwxOf3KtpgIbPYsjbddEMTp5xbdIrBJ4Vt2', '195 Herzog Mission Apt. 745', 'East Shirleyfurt', 'NC', '92148-1852', '679.638.6146', '1991-12-30', '94902780', '23', 'Male', NULL, '2019-07-29 05:39:49', '2019-07-29 05:39:49'),
(164, 'Not A Realperson', 'person@gmail.com', '$2y$10$hbNcZQ7MZ98dHNuN6Esw8ulvDwhWnV.OZdt.2mGJj5QcLeWfZH/Ae', '321 Hoover Street', 'Lostville', 'AL', '12345', '8886541234', '2003-05-14', '1236565', '21', 'Choose...', NULL, '2019-07-29 05:44:06', '2019-07-29 05:44:06');

--
-- Indexes for dumped tables
--

--
-- Indexes for table `migrations`
--
ALTER TABLE `migrations`
  ADD PRIMARY KEY (`id`);

--
-- Indexes for table `password_resets`
--
ALTER TABLE `password_resets`
  ADD KEY `password_resets_email_index` (`email`);

--
-- Indexes for table `units`
--
ALTER TABLE `units`
  ADD PRIMARY KEY (`id`);

--
-- Indexes for table `users`
--
ALTER TABLE `users`
  ADD PRIMARY KEY (`id`),
  ADD UNIQUE KEY `users_email_unique` (`email`);

--
-- AUTO_INCREMENT for dumped tables
--

--
-- AUTO_INCREMENT for table `migrations`
--
ALTER TABLE `migrations`
  MODIFY `id` int(10) UNSIGNED NOT NULL AUTO_INCREMENT, AUTO_INCREMENT=4;

--
-- AUTO_INCREMENT for table `units`
--
ALTER TABLE `units`
  MODIFY `id` int(10) UNSIGNED NOT NULL AUTO_INCREMENT, AUTO_INCREMENT=33;

--
-- AUTO_INCREMENT for table `users`
--
ALTER TABLE `users`
  MODIFY `id` int(10) UNSIGNED NOT NULL AUTO_INCREMENT, AUTO_INCREMENT=165;
COMMIT;

/*!40101 SET CHARACTER_SET_CLIENT=@OLD_CHARACTER_SET_CLIENT */;
/*!40101 SET CHARACTER_SET_RESULTS=@OLD_CHARACTER_SET_RESULTS */;
/*!40101 SET COLLATION_CONNECTION=@OLD_COLLATION_CONNECTION */;
